"1","Alerts","","alert@lmis.gov.pk","","all","100","All"
"11","Tanweer Hussain","","","","all","2","Summary"
"22","Muhammad Abbas Khan","","","","all","20","Summary"
"23","Irfan Khan","","","923331519967","all","3","Summary"
"24","Zeeshan Pasha Khan","","","","all","20","Summary"
"33","Nisar Ahmad Cheema","","","","all","20","Summary"
"34","Nabeel Ahmad Maqbool","","","","all","20","Summary"
"35","Furqan Saleem","","","923331512203","all","1","Summary"
"38","Abdul Qayuum","","","","all","20","Summary"
"45","Farooq Azam Jan","","","923331519982","all","4","Summary"
"65","Tanweer Hussain","","","","all","20","Summary"
"66","Sardar Iftikhar Khan","","","923331519987","all","10","Summary"
"67","Wasif Raza Mirza","","","923331512231","all","10","Summary"
"69","Zafar Jamil","","","923331512232","all","10","Summary"
"72","Inamullah Khan","","","923331512204","all","10","Summary"
"73","Ayaz Gul","","","","all","10","Summary"
"74","Khurram Shahzad","","","923331512206","all","10","Summary"
"76","Ajmal Hussain","","","923331512197","all","10","Summary"
